-- Bảng `khachhang`
INSERT INTO `khachhang` (`SoDienThoai`, `HoTen`, `Diem`) VALUES
('0909123456', 'Nguyễn Văn A', 100),
('0912345678', 'Trần Thị A', 200),
('0987654321', 'Lê Văn A', 150),
('0987654322', 'Nguyen Van B', 10),
('0987654323', 'Tran Thi B', 15),
('0987654324', 'Le Thi B', 20);

-- Bảng `lothuoc`
INSERT INTO `lothuoc` (`LoThuocID`, `NgayNhap`, `TongTien`) VALUES
(1, '2024-01-01', 5000000),
(2, '2024-02-01', 6000000),
(3, '2024-03-01', 7000000),
(4, '2024-04-01', 8000000),
(5, '2024-05-01', 9000000),
(6, '2024-06-01', 10000000),
(7, '2024-07-01', 11000000),
(8, '2024-08-01', 12000000),
(9, '2024-09-01', 13000000),
(10, '2024-10-01', 14000000),
(101, '2023-01-01', 0),
(102, '2023-02-01', 0),
(103, '2023-03-01', 0),
(104, '2023-04-01', 0);

-- Bảng `thuoc`
INSERT INTO `thuoc` (`ThuocID`, `LoThuocID`, `HanSuDung`, `SoLuong`, `TenThuoc`, `NgaySanXuat`, `GiaTienNhap`, `GiaTienBan`) VALUES
(1, 1, '2025-12-31', 50, 'Paracetamol', '2024-01-01', 10000, 15000),
(2, 1, '2025-06-30', 100, 'Ibuprofen', '2024-01-01', 20000, 30000),
(3, 2, '2025-11-15', 200, 'Aspirin', '2024-02-01', 15000, 25000),
(4, 101, '2025-12-31', 50, 'Efferalgan', '2023-01-01', 10000, 12000),
(5, 102, '2025-06-30', 100, 'Panadol', '2023-02-01', 8000, 10000),
(6, 103, '2025-11-15', 200, 'Multi vitamin', '2023-03-01', 5000, 6000),
(7, 104, '2025-08-20', 150, 'Prednisone', '2023-04-01', 15000, 18000),
(8, 1, '2024-12-31', 30, 'Aspirin', '2023-01-01', 20000, 25000),
(9, 1, '2023-08-01', 25, 'Ibuprofen', '2022-01-01', 15000, 18000),
(10, 2, '2024-11-30', 40, 'Paracetamol', '2023-01-01', 10000, 15000),
(11, 2, '2023-07-01', 20, 'Amoxicillin', '2022-01-01', 12000, 15000),
(12, 3, '2024-10-31', 35, 'Cefixime', '2023-01-01', 25000, 30000),
(13, 3, '2023-06-01', 15, 'Clarithromycin', '2022-01-01', 22000, 27000),
(14, 4, '2024-01-15', 20, 'Prednisolone', '2023-01-15', 12000, 15000),
(15, 3, '2024-06-20', 30, 'Metformin', '2023-06-20', 14000, 17000),
(16, 2, '2024-12-30', 50, 'Lisinopril', '2023-12-30', 13000, 16000),
(17, 1, '2024-07-10', 60, 'Atorvastatin', '2023-07-10', 15000, 18000),
(18, 1, '2024-10-15', 40, 'Simvastatin', '2023-10-15', 14500, 17500),
(19, 2, '2023-09-25', 15, 'Alprazolam', '2022-09-25', 11000, 14000),
(20, 3, '2024-05-30', 35, 'Clopidogrel', '2023-05-30', 12500, 15500),
(21, 4, '2023-11-01', 25, 'Warfarin', '2022-11-01', 13500, 16500),
(22, 1, '2025-01-05', 50, 'Amoxicillin', '2024-01-05', 12000, 15000),
(23, 2, '2025-01-10', 60, 'Ciprofloxacin', '2024-01-10', 13000, 16000),
(24, 3, '2025-01-15', 40, 'Doxycycline', '2024-01-15', 14000, 17000),
(25, 4, '2025-01-20', 70, 'Azithromycin', '2024-01-20', 15000, 18000),
(26, 5, '2025-01-25', 30, 'Levofloxacin', '2024-01-25', 16000, 19000),
(27, 6, '2025-01-30', 80, 'Clindamycin', '2024-01-30', 17000, 20000),
(28, 7, '2025-01-05', 90, 'Metronidazole', '2024-01-05', 18000, 21000),
(29, 8, '2025-01-10', 100, 'Vancomycin', '2024-01-10', 19000, 22000),
(30, 9, '2025-01-15', 110, 'Tetracycline', '2024-01-15', 20000, 23000),
(31, 10, '2025-01-20', 120, 'Rifampin', '2024-01-20', 21000, 24000);


-- Bảng `nguoidung`
INSERT INTO `nguoidung` (`TenTaiKhoan`, `MatKhau`, `Email`, `SoDienThoai`, `ChucVu`, `HoTen`, `DiaChi`) VALUES
('admin', 'admin', 'duong@gmail.com', '0123456789', 1, 'Dương', 'Hồ Chí Minh'),
('user1', 'password1', 'user1@example.com', '0909123456', 1, 'Nguyễn Văn A', 'Hà Nội'),
('user2', 'password2', 'user2@example.com', '0912345678', 2, 'Trần Thị B', 'Hồ Chí Minh');

-- Bảng `hoadon`
INSERT INTO `hoadon` (`HoaDonID`, `TenTaiKhoan`, `NgayBan`, `MaGiamGiaID`, `SoDienThoai`, `TongTien`) VALUES
(1, 'user1', '2024-12-08', NULL, '0909123456', 150000),
(2, 'user2', '2024-12-08', NULL, '0912345678', 90000),
(3, 'admin', '2023-01-01', NULL, '0987654321', 100000),
(4, 'user1', '2023-02-01', NULL, '0987654322', 150000);

-- Bảng `chitiethd`
INSERT INTO `chitiethd` (`ThuocID`, `HoaDonID`, `SoLuong`, `DonGia`) VALUES
(1, 1, 2, 15000),
(2, 2, 3, 30000),
(3, 1, 1, 25000),
(4, 1, 4, 12000);

-- Chèn dữ liệu giả cho bảng `magiamgia`
INSERT INTO `magiamgia` (`MaGiamGiaID`, `beginAt` , `endAt`, `GiamGia`) VALUES
('VOUCHER1', '2023-12-01', '2025-01-01', 10),
('VOUCHER2', '2024-01-01', '2025-02-01', 20);